ZipCode,Type,Rank,ASIN,Price,Reviews,Rating,Keyword,FetchTime
90001,Sponsored,1,B0FLV9Z2HS,$15.09,500+ bought in past month,N/A,resound hearing aid domes,2026-02-06 04:06
90001,Sponsored,2,B0FS2CDHTL,$16.99,50+ bought in past month,N/A,resound hearing aid domes,2026-02-06 04:06
90001,Sponsored,3,B0CQ681SBQ,$16.10,($1.61$1.61/count),N/A,resound hearing aid domes,2026-02-06 04:06
90001,Sponsored,4,B093RY12P4,$16.99,Medium (Pack of 1),N/A,resound hearing aid domes,2026-02-06 04:06
90001,Organic,5,B0FLV9Z2HS,$15.09,500+ bought in past month,N/A,resound hearing aid domes,2026-02-06 04:06
90001,Organic,6,B0CHJRSVWM,$18.99,200+ bought in past month,N/A,resound hearing aid domes,2026-02-06 04:06
90001,Organic,7,B0BNLN7FRN,$9.99,100+ bought in past month,N/A,resound hearing aid domes,2026-02-06 04:06
90001,Organic,8,B0FLV65B3D,$18.49,100+ bought in past month,N/A,resound hearing aid domes,2026-02-06 04:06
90001,Organic,9,B0CHJQVTNY,$18.99,0,N/A,resound hearing aid domes,2026-02-06 04:06
90001,Organic,10,B0FS2CDHTL,$16.99,50+ bought in past month,N/A,resound hearing aid domes,2026-02-06 04:06
90001,Sponsored,11,B0FWYM5JM9,$17.99,New on Amazon in past month,N/A,resound hearing aid domes,2026-02-06 04:06
90001,Sponsored,12,B0D3KXQ6DY,$13.99,100+ bought in past month,N/A,resound hearing aid domes,2026-02-06 04:06
90001,Sponsored,13,B0F1LR3MMR,$14.99,50+ bought in past month,N/A,resound hearing aid domes,2026-02-06 04:06
90001,Sponsored,14,B0FW53FV8H,$17.99,New on Amazon in past month,N/A,resound hearing aid domes,2026-02-06 04:06
90001,Organic,15,B0CPQ27R3Y,$18.99,100+ bought in past month,N/A,resound hearing aid domes,2026-02-06 04:06
90001,Organic,16,B08BWJPKQ1,$15.99,100+ bought in past month,N/A,resound hearing aid domes,2026-02-06 04:06
90001,Organic,17,B0CHJV88B7,$18.99,0,N/A,resound hearing aid domes,2026-02-06 04:06
90001,Organic,18,B0CQ6JZWX3,$16.10,50+ bought in past month,N/A,resound hearing aid domes,2026-02-06 04:06
90001,Sponsored,19,B0CV64KHRJ,$16.10,($2.68$2.68/count),N/A,resound hearing aid domes,2026-02-06 04:06
90001,Sponsored,20,B0DLBJDPS9,$12.99,300+ bought in past month,N/A,resound hearing aid domes,2026-02-06 04:06
90001,Sponsored,21,B08BWVJLXB,$9.99,100+ bought in past month,N/A,resound hearing aid domes,2026-02-06 04:06
90001,Sponsored,22,B0FRDNGQ4R,$9.99,0,N/A,resound hearing aid domes,2026-02-06 04:06
90001,Organic,23,B093RGNBXL,$16.99,($16.99$16.99/count),N/A,resound hearing aid domes,2026-02-06 04:06
90001,Organic,24,B09LTCBG8Z,$8.99,100+ bought in past month,N/A,resound hearing aid domes,2026-02-06 04:06
90001,Organic,25,B093RY12P4,$16.99,Medium (Pack of 1),N/A,resound hearing aid domes,2026-02-06 04:06
90001,Organic,26,B0FW53FV8H,$17.99,New on Amazon in past month,N/A,resound hearing aid domes,2026-02-06 04:06
90001,Organic,27,B0CKMZKR78,$16.99,50+ bought in past month,N/A,resound hearing aid domes,2026-02-06 04:06
90001,Organic,28,B0F1LQ1HMD,$14.99,50+ bought in past month,N/A,resound hearing aid domes,2026-02-06 04:06
90001,Organic,29,B09K36ZMJ8,$9.99,100+ bought in past month,N/A,resound hearing aid domes,2026-02-06 04:06
90001,Organic,30,B0DP1ZC2VS,$5.67,1 count (Pack of 12),N/A,resound hearing aid domes,2026-02-06 04:06
90001,Organic,31,B0F262V1S9,$13.99,($0.70$0.70/count),N/A,resound hearing aid domes,2026-02-06 04:06
90001,Organic,32,B07VBM93KG,$13.99,40 count (Pack of 1),N/A,resound hearing aid domes,2026-02-06 04:06
90001,Organic,33,B0DLBJDPS9,$12.99,300+ bought in past month,N/A,resound hearing aid domes,2026-02-06 04:06
90001,Organic,34,B0C93VHT21,$7.99,($1.33$1.33/count),N/A,resound hearing aid domes,2026-02-06 04:06
90001,Organic,35,B09KXS678M,$13.99,($0.07$0.07/count),N/A,resound hearing aid domes,2026-02-06 04:06
90001,Organic,36,B0FM2WN788,$6.99,($0.35$0.35/count),N/A,resound hearing aid domes,2026-02-06 04:06
90001,Organic,37,B0DSBWX72H,$12.99,($12.99$12.99/count),N/A,resound hearing aid domes,2026-02-06 04:06
90001,Organic,38,B08Y8RMWSX,$9.99,($2.00$2.00/count),N/A,resound hearing aid domes,2026-02-06 04:06
90001,Organic,39,B0FZSYR1M2,$16.99,($1.06$1.06/ounce),N/A,resound hearing aid domes,2026-02-06 04:06
90001,Organic,40,B0CFQS7NPG,$17.99,($17.99$17.99/count),N/A,resound hearing aid domes,2026-02-06 04:06
90001,Organic,41,B0DPJVFPMM,$6.59,($1.10$1.10/count),N/A,resound hearing aid domes,2026-02-06 04:06
90001,Organic,42,B0BYV8PTNX,$13.97,($2.33$2.33/count),N/A,resound hearing aid domes,2026-02-06 04:06
90001,Organic,43,B0DY7K3M38,$6.29,($0.39$0.39/count),N/A,resound hearing aid domes,2026-02-06 04:06
90001,Organic,44,B0CV49TBND,$9.99,($9.99$9.99/count),N/A,resound hearing aid domes,2026-02-06 04:06
90001,Organic,45,B0CGLQGCBX,$9.49,($0.79$0.79/count),N/A,resound hearing aid domes,2026-02-06 04:06
90001,Organic,46,B0936SZZM4,$16.99,Small Business,N/A,resound hearing aid domes,2026-02-06 04:06
90001,Organic,47,B0C142LDBT,$16.99,($0.57$0.57/count),N/A,resound hearing aid domes,2026-02-06 04:06
90001,Organic,48,B0CK5QGR6H,$9.99,400+ bought in past month,N/A,resound hearing aid domes,2026-02-06 04:06
90001,Organic,49,B0FXG42HV4,$13.99,($0.70$0.70/count),N/A,resound hearing aid domes,2026-02-06 04:06
90001,Organic,50,B0CQ5BG3NG,$16.10,($1.61$1.61/count),N/A,resound hearing aid domes,2026-02-06 04:06
90001,Organic,51,B007R6JD8K,$9.49,10 Count (Pack of 1),N/A,resound hearing aid domes,2026-02-06 04:06
90001,Organic,52,B0CGMGPL3H,$12.99,($0.43$0.43/count),N/A,resound hearing aid domes,2026-02-06 04:06
90001,Organic,53,B0FS1637M1,$9.99,($0.50$0.50/count),N/A,resound hearing aid domes,2026-02-06 04:06
90001,Organic,54,B01696HEFC,$5.79,2 Count (Pack of 1),N/A,resound hearing aid domes,2026-02-06 04:06
90001,Organic,55,B08YZ8JRJH,$10.99,6 Count (Pack of 1),N/A,resound hearing aid domes,2026-02-06 04:06
90001,Organic,56,B0B1C8H2WB,$8.99,($2.25$2.25/count),N/A,resound hearing aid domes,2026-02-06 04:06
90001,Organic,57,B007R6JWQ8,$19.70,10 Count (Pack of 1),N/A,resound hearing aid domes,2026-02-06 04:06
90001,Organic,58,B09VB54GXZ,$14.99,List: ,N/A,resound hearing aid domes,2026-02-06 04:06
90001,Organic,59,B01696OZUO,$5.59,2 Count (Pack of 1),N/A,resound hearing aid domes,2026-02-06 04:06
90001,Organic,60,B0DBV93WXY,$9.99,($0.33$0.33/count),N/A,resound hearing aid domes,2026-02-06 04:06
90001,Organic,1,B0F6KH5XHS,$9.99,100+ bought in past month,N/A,phonak hearing aid domes,2026-02-06 04:06
90001,Organic,2,B0CK5QGR6H,$9.99,Products highlighted as 'Overall Pick' are:,N/A,phonak hearing aid domes,2026-02-06 04:06
90001,Organic,3,B0CK5NZ6FF,$9.99,200+ bought in past month,N/A,phonak hearing aid domes,2026-02-06 04:06
90001,Organic,4,B0DNDYPDNF,$9.99,400+ bought in past month,N/A,phonak hearing aid domes,2026-02-06 04:06
90001,Organic,5,B0CK5NFTV2,$9.99,400+ bought in past month,N/A,phonak hearing aid domes,2026-02-06 04:06
90001,Organic,6,B0CK5S4WC5,$9.99,300+ bought in past month,N/A,phonak hearing aid domes,2026-02-06 04:06
90001,Organic,7,B0CK5QWFSK,$9.99,200+ bought in past month,N/A,phonak hearing aid domes,2026-02-06 04:06
90001,Organic,8,B0F1MBB2CF,$9.99,50+ bought in past month,N/A,phonak hearing aid domes,2026-02-06 04:06
90001,Organic,9,B0CK5QJSHC,$9.99,100+ bought in past month,N/A,phonak hearing aid domes,2026-02-06 04:06
90001,Organic,10,B0CK5NWS3B,$9.99,100+ bought in past month,N/A,phonak hearing aid domes,2026-02-06 04:06
90001,Organic,11,B0CK5Q2TWS,$9.99,100+ bought in past month,N/A,phonak hearing aid domes,2026-02-06 04:06
90001,Organic,12,B0DPN7QTMD,$8.19,100+ bought in past month,N/A,phonak hearing aid domes,2026-02-06 04:06
90001,Organic,13,B00505GHSE,$9.75,1 count (Pack of 10),N/A,phonak hearing aid domes,2026-02-06 04:06
90001,Organic,14,B0D3KTGJ57,$13.99,100+ bought in past month,N/A,phonak hearing aid domes,2026-02-06 04:06
90001,Organic,15,B0D9P3489W,$13.99,100+ bought in past month,N/A,phonak hearing aid domes,2026-02-06 04:06
90001,Organic,16,B0CK5RKRRS,$14.99,100+ bought in past month,N/A,phonak hearing aid domes,2026-02-06 04:06
90001,Organic,17,B07M95T5DR,$7.69,100+ bought in past month,N/A,phonak hearing aid domes,2026-02-06 04:06
90001,Organic,18,B0F9YZQ4QX,$8.99,50+ bought in past month,N/A,phonak hearing aid domes,2026-02-06 04:06
90001,Organic,19,B0F2J9SVCX,$9.99,($0.50$0.50/count),N/A,phonak hearing aid domes,2026-02-06 04:06
90001,Organic,20,B007U90NV0,$10.99,10 Count (Pack of 1),N/A,phonak hearing aid domes,2026-02-06 04:06
90001,Organic,21,B0DPMZR9VK,$8.59,100+ bought in past month,N/A,phonak hearing aid domes,2026-02-06 04:06
90001,Organic,22,B0DPLCYFL1,$8.19,($0.82$0.82/count),N/A,phonak hearing aid domes,2026-02-06 04:06
90001,Organic,23,B0CK5QXMVY,$7.99,($0.80$0.80/count),N/A,phonak hearing aid domes,2026-02-06 04:06
90001,Organic,24,B0F84BVK3B,$9.88,($0.49$0.49/count),N/A,phonak hearing aid domes,2026-02-06 04:06
90001,Organic,25,B00DC8403A,$7.00,10 Count (Pack of 1),N/A,phonak hearing aid domes,2026-02-06 04:06
90001,Organic,26,B0GBJXD7BY,$9.90,($0.99$0.99/count),N/A,phonak hearing aid domes,2026-02-06 04:06
90001,Organic,27,B0G59KWLJW,$9.99,($1.00$1.00/count),N/A,phonak hearing aid domes,2026-02-06 04:06
90001,Organic,28,B00505G3B0,$9.99,1 count (Pack of 10),N/A,phonak hearing aid domes,2026-02-06 04:06
90001,Organic,29,B0F9YY12M7,$8.99,($8.99$8.99/count),N/A,phonak hearing aid domes,2026-02-06 04:06
90001,Organic,30,B0G59LV13Y,$9.99,($1.00$1.00/count),N/A,phonak hearing aid domes,2026-02-06 04:06
90001,Organic,31,B00HZL1A6A,$11.42,($11.42$11.42/count),N/A,phonak hearing aid domes,2026-02-06 04:06
90001,Organic,32,B00BM6Q5PK,$24.99,($24.99$24.99/count),N/A,phonak hearing aid domes,2026-02-06 04:06
90001,Organic,33,B0G59SHVKC,$9.99,($1.00$1.00/count),N/A,phonak hearing aid domes,2026-02-06 04:06
90001,Organic,34,B0G59LJMSQ,$9.99,($1.00$1.00/count),N/A,phonak hearing aid domes,2026-02-06 04:06
90001,Organic,35,B0DP1ZC2VS,$5.67,1 count (Pack of 12),N/A,phonak hearing aid domes,2026-02-06 04:06
90001,Organic,36,B0CTR4N42B,$8.75,($0.88$0.88/count),N/A,phonak hearing aid domes,2026-02-06 04:06
90001,Organic,37,B0FGVYXL8G,$13.99,($0.70$0.70/count),N/A,phonak hearing aid domes,2026-02-06 04:06
90001,Organic,38,B0CVM6JWPJ,$9.99,($1.67$1.67/count),N/A,phonak hearing aid domes,2026-02-06 04:06
90001,Organic,39,B0CJLSCWLB,$14.99,($14.99$14.99/count),N/A,phonak hearing aid domes,2026-02-06 04:06
90001,Organic,40,B0F9YYMXP6,$8.99,($8.99$8.99/count),N/A,phonak hearing aid domes,2026-02-06 04:06
90001,Organic,41,B0F9YX8T6R,$8.99,($8.99$8.99/count),N/A,phonak hearing aid domes,2026-02-06 04:06
90001,Organic,42,B00HZL3MDE,$10.90,Small (Pack of 1),N/A,phonak hearing aid domes,2026-02-06 04:06
90001,Organic,43,B0G59J8NWP,$9.99,($1.00$1.00/count),N/A,phonak hearing aid domes,2026-02-06 04:06
90001,Organic,44,B00HZL2MRG,$9.99,0,N/A,phonak hearing aid domes,2026-02-06 04:06
90001,Organic,45,B0FRMYKF4R,$6.39,($6.39$6.39/count),N/A,phonak hearing aid domes,2026-02-06 04:06
90001,Organic,46,B0C93QX7SJ,$15.99,($0.53$0.53/count),N/A,phonak hearing aid domes,2026-02-06 04:06
90001,Organic,47,B0GBLLFGFZ,$9.90,($0.99$0.99/count),N/A,phonak hearing aid domes,2026-02-06 04:06
90001,Organic,48,B0BSF213W3,$9.99,($1.67$1.67/count),N/A,phonak hearing aid domes,2026-02-06 04:06
90001,Organic,1,B0B64SKDX1,$13.99,Products highlighted as 'Overall Pick' are:,N/A,resound hearing aid accessories,2026-02-06 04:06
90001,Organic,2,B0CHJRSVWM,$18.99,200+ bought in past month,N/A,resound hearing aid accessories,2026-02-06 04:06
90001,Organic,3,B0FLV9Z2HS,$15.09,500+ bought in past month,N/A,resound hearing aid accessories,2026-02-06 04:06
90001,Organic,4,B0FLV65B3D,$18.49,100+ bought in past month,N/A,resound hearing aid accessories,2026-02-06 04:06
90001,Organic,5,B0CVMK4N61,$16.10,50+ bought in past month,N/A,resound hearing aid accessories,2026-02-06 04:06
90001,Organic,6,B07VBM93KG,$13.99,40 count (Pack of 1),N/A,resound hearing aid accessories,2026-02-06 04:06
90001,Organic,7,B08BWJPKQ1,$15.99,100+ bought in past month,N/A,resound hearing aid accessories,2026-02-06 04:06
90001,Organic,8,B0DLK2HRSV,$9.99,200+ bought in past month,N/A,resound hearing aid accessories,2026-02-06 04:06
90001,Organic,9,B0DLBJDPS9,$12.99,300+ bought in past month,N/A,resound hearing aid accessories,2026-02-06 04:06
90001,Organic,10,B0F7XMKX9S,$14.49,600+ bought in past month,N/A,resound hearing aid accessories,2026-02-06 04:06
90001,Organic,11,B0CVM2LGNL,$15.89,($1.59$1.59/count),N/A,resound hearing aid accessories,2026-02-06 04:06
90001,Organic,12,B0F4D4NS16,$29.99,300+ bought in past month,N/A,resound hearing aid accessories,2026-02-06 04:06
90001,Organic,13,B0DLB8SFPJ,$19.99,400+ bought in past month,N/A,resound hearing aid accessories,2026-02-06 04:06
90001,Organic,14,B0FM8Q2W7R,$16.99,200+ bought in past month,N/A,resound hearing aid accessories,2026-02-06 04:06
90001,Organic,15,B0CPQ27R3Y,$18.99,100+ bought in past month,N/A,resound hearing aid accessories,2026-02-06 04:06
90001,Organic,16,B00FX3D4XO,$11.99,8 Count (Pack of 5),N/A,resound hearing aid accessories,2026-02-06 04:06
90001,Organic,17,B09LTCBG8Z,$8.99,100+ bought in past month,N/A,resound hearing aid accessories,2026-02-06 04:06
90001,Organic,18,B0CKMZKR78,$16.99,50+ bought in past month,N/A,resound hearing aid accessories,2026-02-06 04:06
90001,Organic,19,B0FMHY3HHT,$16.99,($16.99$16.99/count),N/A,resound hearing aid accessories,2026-02-06 04:06
90001,Organic,20,B09BD8GR4M,$197.89,50+ bought in past month,N/A,resound hearing aid accessories,2026-02-06 04:06
90001,Organic,21,B0CHJV88B7,$18.99,0,N/A,resound hearing aid accessories,2026-02-06 04:06
90001,Organic,22,B0F1LQ1HMD,$14.99,50+ bought in past month,N/A,resound hearing aid accessories,2026-02-06 04:06
90001,Organic,23,B0CPPZPCZ5,$9.99,300+ bought in past month,N/A,resound hearing aid accessories,2026-02-06 04:06
90001,Organic,24,B07RWSSZ79,$14.54,8 Count (Pack of 5),N/A,resound hearing aid accessories,2026-02-06 04:06
90001,Organic,25,B0G51DDHCT,$12.99,New on Amazon in past month,N/A,resound hearing aid accessories,2026-02-06 04:06
90001,Organic,26,B0DPWVCWCD,$12.99,800+ bought in past month,N/A,resound hearing aid accessories,2026-02-06 04:06
90001,Organic,27,B00ANV362K,$14.99,1 Count (Pack of 1),N/A,resound hearing aid accessories,2026-02-06 04:06
90001,Organic,28,B0FW53FV8H,$17.99,New on Amazon in past month,N/A,resound hearing aid accessories,2026-02-06 04:06
90001,Organic,29,B00HXQ6F6M,$205.99,1 Count (Pack of 1),N/A,resound hearing aid accessories,2026-02-06 04:06
90001,Organic,30,B0FM8PDXNP,$25.99,($2.60$2.60/count),N/A,resound hearing aid accessories,2026-02-06 04:06
90001,Organic,31,B0C55P6NJ5,$9.98,1K+ bought in past month,N/A,resound hearing aid accessories,2026-02-06 04:06
90001,Organic,32,B08BWVJLXB,$9.99,100+ bought in past month,N/A,resound hearing aid accessories,2026-02-06 04:06
90001,Organic,33,B0CQ6JZWX3,$15.99,50+ bought in past month,N/A,resound hearing aid accessories,2026-02-06 04:06
90001,Organic,34,B09X9GZPM8,$14.99,400+ bought in past month,N/A,resound hearing aid accessories,2026-02-06 04:06
90001,Organic,35,B0F32GG4QM,$9.99,200+ bought in past month,N/A,resound hearing aid accessories,2026-02-06 04:06
90001,Organic,36,B0DP1ZC2VS,$5.67,1 count (Pack of 12),N/A,resound hearing aid accessories,2026-02-06 04:06
90001,Organic,37,B0C93P98WG,$7.99,($1.33$1.33/count),N/A,resound hearing aid accessories,2026-02-06 04:06
90001,Organic,38,B0BNLN7FRN,$9.99,100+ bought in past month,N/A,resound hearing aid accessories,2026-02-06 04:06
90001,Organic,39,B0BXWH9HVV,$13.99,($1.55$1.55/count),N/A,resound hearing aid accessories,2026-02-06 04:06
90001,Organic,40,B0725CNLHG,$19.99,($4.00$4.00/count),N/A,resound hearing aid accessories,2026-02-06 04:06
90001,Organic,41,B0FVVY9PMN,$11.99,100+ bought in past month,N/A,resound hearing aid accessories,2026-02-06 04:06
90001,Organic,42,B0D41PHYPH,$273.99,Only 4 left in stock - order soon.,N/A,resound hearing aid accessories,2026-02-06 04:06
90001,Organic,43,B0GHZ4WCR4,$9.99,New on Amazon in past month,N/A,resound hearing aid accessories,2026-02-06 04:06
90001,Organic,44,B09B6TG59L,$9.99,100+ bought in past month,N/A,resound hearing aid accessories,2026-02-06 04:06
90001,Organic,45,B071RVP51V,$18.49,($3.70$3.70/count),N/A,resound hearing aid accessories,2026-02-06 04:06
90001,Organic,46,B09K36ZMJ8,$9.99,100+ bought in past month,N/A,resound hearing aid accessories,2026-02-06 04:06
90001,Organic,47,B093RY12P4,$16.99,Medium (Pack of 1),N/A,resound hearing aid accessories,2026-02-06 04:06
90001,Organic,48,B09BD774CG,$150.08,Typical: ,N/A,resound hearing aid accessories,2026-02-06 04:06
90001,Organic,1,B0C55P6NJ5,$9.98,1K+ bought in past month,N/A,phonak hearing aid accessories,2026-02-06 04:06
90001,Organic,2,B00S36DU5A,$11.36,Products highlighted as 'Overall Pick' are:,N/A,phonak hearing aid accessories,2026-02-06 04:06
90001,Organic,3,B07RWSSZ79,$14.54,8 Count (Pack of 5),N/A,phonak hearing aid accessories,2026-02-06 04:06
90001,Organic,4,B0F6KH5XHS,$9.99,100+ bought in past month,N/A,phonak hearing aid accessories,2026-02-06 04:06
90001,Organic,5,B0DPWVCWCD,$12.99,800+ bought in past month,N/A,phonak hearing aid accessories,2026-02-06 04:06
90001,Organic,6,B0CC8FJWK1,$11.40,300+ bought in past month,N/A,phonak hearing aid accessories,2026-02-06 04:06
90001,Organic,7,B0DS6M3FLG,$49.99,100+ bought in past month,N/A,phonak hearing aid accessories,2026-02-06 04:06
90001,Organic,8,B0CK5S4WC5,$9.99,300+ bought in past month,N/A,phonak hearing aid accessories,2026-02-06 04:06
90001,Organic,9,B0DK48XBL4,$124.77,100+ bought in past month,N/A,phonak hearing aid accessories,2026-02-06 04:06
90001,Organic,10,B0CVHFMSZL,$14.99,50+ bought in past month,N/A,phonak hearing aid accessories,2026-02-06 04:06
90001,Organic,11,B0DNDYPDNF,$9.99,400+ bought in past month,N/A,phonak hearing aid accessories,2026-02-06 04:06
90001,Organic,12,B0CK5NFTV2,$9.99,400+ bought in past month,N/A,phonak hearing aid accessories,2026-02-06 04:06
90001,Organic,13,B0D7Q2X539,$199.99,100+ bought in past month,N/A,phonak hearing aid accessories,2026-02-06 04:06
90001,Organic,14,B0DS92S3FF,$49.99,100+ bought in past month,N/A,phonak hearing aid accessories,2026-02-06 04:06
90001,Organic,15,B01L7E5WPU,$24.00,Wax,N/A,phonak hearing aid accessories,2026-02-06 04:06
90001,Organic,16,B01L7G6PC2,$12.76,8 Count (Pack of 6),N/A,phonak hearing aid accessories,2026-02-06 04:06
90001,Organic,17,B0CK5NZ6FF,$9.99,200+ bought in past month,N/A,phonak hearing aid accessories,2026-02-06 04:06
90001,Organic,18,B0CVLBY4D5,$10.99,100+ bought in past month,N/A,phonak hearing aid accessories,2026-02-06 04:06
90001,Organic,19,B0CT5HKN83,$18.99,100+ bought in past month,N/A,phonak hearing aid accessories,2026-02-06 04:06
90001,Organic,20,B0CK5QGR6H,$9.99,400+ bought in past month,N/A,phonak hearing aid accessories,2026-02-06 04:06
90001,Organic,21,B09X9GZPM8,$14.99,400+ bought in past month,N/A,phonak hearing aid accessories,2026-02-06 04:06
90001,Organic,22,B0F7XMKX9S,$14.49,600+ bought in past month,N/A,phonak hearing aid accessories,2026-02-06 04:06
90001,Organic,23,B0CK5NWS3B,$9.99,100+ bought in past month,N/A,phonak hearing aid accessories,2026-02-06 04:06
90001,Organic,24,B0D9P3489W,$13.99,100+ bought in past month,N/A,phonak hearing aid accessories,2026-02-06 04:06
90001,Organic,25,B071GTVRVZ,$35.77,30 Count (Pack of 1),N/A,phonak hearing aid accessories,2026-02-06 04:06
90001,Organic,26,B0CK5QWFSK,$9.99,200+ bought in past month,N/A,phonak hearing aid accessories,2026-02-06 04:06
90001,Organic,27,B092ZK3QSR,$6.99,8 Count (Pack of 1),N/A,phonak hearing aid accessories,2026-02-06 04:06
90001,Organic,28,B0D6WTT6Z6,$16.99,400+ bought in past month,N/A,phonak hearing aid accessories,2026-02-06 04:06
90001,Organic,29,B0CK5RKRRS,$14.99,100+ bought in past month,N/A,phonak hearing aid accessories,2026-02-06 04:06
90001,Organic,30,B07M95T5DR,$7.56,100+ bought in past month,N/A,phonak hearing aid accessories,2026-02-06 04:06
90001,Organic,31,B0CK5QJSHC,$9.99,100+ bought in past month,N/A,phonak hearing aid accessories,2026-02-06 04:06
90001,Organic,32,B0F38L9Q42,$9.99,50+ bought in past month,N/A,phonak hearing aid accessories,2026-02-06 04:06
90001,Organic,33,B09BC4QKQR,$14.98,100+ bought in past month,N/A,phonak hearing aid accessories,2026-02-06 04:06
90001,Organic,34,B0D2X61YGY,$7.99,($0.67$0.67/count),N/A,phonak hearing aid accessories,2026-02-06 04:06
90001,Organic,35,B0GCP1VBYZ,$48.90,New on Amazon in past month,N/A,phonak hearing aid accessories,2026-02-06 04:06
90001,Organic,36,B00DZW2EI6,$18.99,($3.17$3.17/count),N/A,phonak hearing aid accessories,2026-02-06 04:06
90001,Organic,37,B081DBX5T4,$375.00,Typical: ,N/A,phonak hearing aid accessories,2026-02-06 04:06
90001,Organic,38,B0F211FFJG,$9.99,400+ bought in past month,N/A,phonak hearing aid accessories,2026-02-06 04:06
90001,Organic,39,B0CHVTM87W,$9.99,100+ bought in past month,N/A,phonak hearing aid accessories,2026-02-06 04:06
90001,Organic,40,B0D3KXQ6DY,$13.99,100+ bought in past month,N/A,phonak hearing aid accessories,2026-02-06 04:06
90001,Organic,41,B091T2952D,$49.99,Only 5 left in stock - order soon.,N/A,phonak hearing aid accessories,2026-02-06 04:06
90001,Organic,42,B0CSFHGH4Q,$20.99,50+ bought in past month,N/A,phonak hearing aid accessories,2026-02-06 04:06
90001,Organic,43,B0CVQWRJW4,$14.48,($1.45$1.45/count),N/A,phonak hearing aid accessories,2026-02-06 04:06
90001,Organic,44,B07VBM93KG,$13.99,40 count (Pack of 1),N/A,phonak hearing aid accessories,2026-02-06 04:06
90001,Organic,45,B0DPGQS2Z4,$199.99,50+ bought in past month,N/A,phonak hearing aid accessories,2026-02-06 04:06
90001,Organic,46,B0F32GG4QM,$9.99,200+ bought in past month,N/A,phonak hearing aid accessories,2026-02-06 04:06
90001,Organic,47,B0B64SKDX1,$13.99,900+ bought in past month,N/A,phonak hearing aid accessories,2026-02-06 04:06
90001,Organic,48,B0F1MCBSHK,$9.99,50+ bought in past month,N/A,phonak hearing aid accessories,2026-02-06 04:06
10001,Organic,1,B0FLV9Z2HS,$15.09,500+ bought in past month,N/A,resound hearing aid domes,2026-02-06 04:06
10001,Organic,2,B0CHJRSVWM,$18.99,200+ bought in past month,N/A,resound hearing aid domes,2026-02-06 04:06
10001,Organic,3,B0FLV65B3D,$18.49,100+ bought in past month,N/A,resound hearing aid domes,2026-02-06 04:06
10001,Organic,4,B0CHJQVTNY,$18.99,0,N/A,resound hearing aid domes,2026-02-06 04:06
10001,Organic,5,B0BNLN7FRN,$9.99,100+ bought in past month,N/A,resound hearing aid domes,2026-02-06 04:06
10001,Organic,6,B08BWVJLXB,$9.99,100+ bought in past month,N/A,resound hearing aid domes,2026-02-06 04:06
10001,Organic,7,B0FS2CDHTL,$16.99,50+ bought in past month,N/A,resound hearing aid domes,2026-02-06 04:06
10001,Organic,8,B08BWJPKQ1,$15.99,100+ bought in past month,N/A,resound hearing aid domes,2026-02-06 04:06
10001,Organic,9,B0CHJV88B7,$18.99,0,N/A,resound hearing aid domes,2026-02-06 04:06
10001,Organic,10,B0F262V1S9,$13.99,($0.70$0.70/count),N/A,resound hearing aid domes,2026-02-06 04:06
10001,Organic,11,B0CPQ2Q5Q2,$18.99,($18.99$18.99/count),N/A,resound hearing aid domes,2026-02-06 04:06
10001,Organic,12,B0CQ6JZWX3,$16.10,50+ bought in past month,N/A,resound hearing aid domes,2026-02-06 04:06
10001,Organic,13,B093RGNBXL,$16.99,($16.99$16.99/count),N/A,resound hearing aid domes,2026-02-06 04:06
10001,Organic,14,B07VBM93KG,$13.99,40 count (Pack of 1),N/A,resound hearing aid domes,2026-02-06 04:06
10001,Organic,15,B09LTCBG8Z,$8.99,100+ bought in past month,N/A,resound hearing aid domes,2026-02-06 04:06
10001,Organic,16,B0CKMZKR78,$16.99,50+ bought in past month,N/A,resound hearing aid domes,2026-02-06 04:06
10001,Organic,17,B0FW53FV8H,$17.99,New on Amazon in past month,N/A,resound hearing aid domes,2026-02-06 04:06
10001,Organic,18,B09K36ZMJ8,$9.99,100+ bought in past month,N/A,resound hearing aid domes,2026-02-06 04:06
10001,Organic,19,B0F1LR3MMR,$14.99,50+ bought in past month,N/A,resound hearing aid domes,2026-02-06 04:06
10001,Organic,20,B0DP1ZC2VS,$5.67,1 count (Pack of 12),N/A,resound hearing aid domes,2026-02-06 04:06
10001,Organic,21,B0DLBJDPS9,$12.99,300+ bought in past month,N/A,resound hearing aid domes,2026-02-06 04:06
10001,Organic,22,B0C93VHT21,$7.99,($1.33$1.33/count),N/A,resound hearing aid domes,2026-02-06 04:06
10001,Organic,23,B09KXS678M,$13.99,($0.07$0.07/count),N/A,resound hearing aid domes,2026-02-06 04:06
10001,Organic,24,B0FM2WN788,$6.99,($0.35$0.35/count),N/A,resound hearing aid domes,2026-02-06 04:06
10001,Organic,25,B08Y8RMWSX,$9.99,($2.00$2.00/count),N/A,resound hearing aid domes,2026-02-06 04:06
10001,Organic,26,B0CFQS7NPG,$17.99,($17.99$17.99/count),N/A,resound hearing aid domes,2026-02-06 04:06
10001,Organic,27,B0FZSYR1M2,$16.99,($1.06$1.06/ounce),N/A,resound hearing aid domes,2026-02-06 04:06
10001,Organic,28,B0DPJVFPMM,$6.59,($1.10$1.10/count),N/A,resound hearing aid domes,2026-02-06 04:06
10001,Organic,29,B0CK5QGR6H,$9.99,400+ bought in past month,N/A,resound hearing aid domes,2026-02-06 04:06
10001,Organic,30,B0DSBWX72H,$12.99,($12.99$12.99/count),N/A,resound hearing aid domes,2026-02-06 04:06
10001,Organic,31,B0C142LDBT,$16.99,($0.57$0.57/count),N/A,resound hearing aid domes,2026-02-06 04:06
10001,Organic,32,B0BYV8PTNX,$13.97,($2.33$2.33/count),N/A,resound hearing aid domes,2026-02-06 04:06
10001,Organic,33,B0CV49TBND,$9.99,($9.99$9.99/count),N/A,resound hearing aid domes,2026-02-06 04:06
10001,Organic,34,B0DY7K3M38,$6.29,($0.39$0.39/count),N/A,resound hearing aid domes,2026-02-06 04:06
10001,Organic,35,B0936SZZM4,$16.99,Small Business,N/A,resound hearing aid domes,2026-02-06 04:06
10001,Organic,36,B0B1C8H2WB,$8.99,($2.25$2.25/count),N/A,resound hearing aid domes,2026-02-06 04:06
10001,Organic,37,B0FXG42HV4,$13.99,($0.70$0.70/count),N/A,resound hearing aid domes,2026-02-06 04:06
10001,Organic,38,B0CQ5BG3NG,$16.10,($1.61$1.61/count),N/A,resound hearing aid domes,2026-02-06 04:06
10001,Organic,39,B01696HEFC,$5.79,2 Count (Pack of 1),N/A,resound hearing aid domes,2026-02-06 04:06
10001,Organic,40,B007R6JD8K,$9.49,10 Count (Pack of 1),N/A,resound hearing aid domes,2026-02-06 04:06
10001,Organic,41,B08YZ8JRJH,$10.99,6 Count (Pack of 1),N/A,resound hearing aid domes,2026-02-06 04:06
10001,Organic,42,B0BRL82LY5,$12.99,($0.43$0.43/count),N/A,resound hearing aid domes,2026-02-06 04:06
10001,Organic,43,B0CGLQGCBX,$9.49,($0.79$0.79/count),N/A,resound hearing aid domes,2026-02-06 04:06
10001,Organic,44,B007R6JWQ8,$19.70,10 Count (Pack of 1),N/A,resound hearing aid domes,2026-02-06 04:06
10001,Organic,45,B09VB54GXZ,$14.99,List: ,N/A,resound hearing aid domes,2026-02-06 04:06
10001,Organic,46,B0DBV93WXY,$9.99,($0.33$0.33/count),N/A,resound hearing aid domes,2026-02-06 04:06
10001,Organic,47,B0CQ2VZRY3,$16.10,($1.61$1.61/count),N/A,resound hearing aid domes,2026-02-06 04:06
10001,Organic,48,B015QIOA2E,$5.49,2 Count (Pack of 1),N/A,resound hearing aid domes,2026-02-06 04:06
10001,Organic,1,B0F6KH5XHS,$9.99,100+ bought in past month,N/A,phonak hearing aid domes,2026-02-06 04:06
10001,Organic,2,B0CK5QGR6H,$9.99,Products highlighted as 'Overall Pick' are:,N/A,phonak hearing aid domes,2026-02-06 04:06
10001,Organic,3,B0DNDYPDNF,$9.99,400+ bought in past month,N/A,phonak hearing aid domes,2026-02-06 04:06
10001,Organic,4,B0CK5NZ6FF,$9.99,200+ bought in past month,N/A,phonak hearing aid domes,2026-02-06 04:06
10001,Organic,5,B0CK5NFTV2,$9.99,400+ bought in past month,N/A,phonak hearing aid domes,2026-02-06 04:06
10001,Organic,6,B0CK5S4WC5,$9.99,300+ bought in past month,N/A,phonak hearing aid domes,2026-02-06 04:06
10001,Organic,7,B0CK5QWFSK,$9.99,200+ bought in past month,N/A,phonak hearing aid domes,2026-02-06 04:06
10001,Organic,8,B0CK5Q2TWS,$9.99,100+ bought in past month,N/A,phonak hearing aid domes,2026-02-06 04:06
10001,Organic,9,B00505GHSE,$9.75,1 count (Pack of 10),N/A,phonak hearing aid domes,2026-02-06 04:06
10001,Organic,10,B0DPN7QTMD,$8.19,100+ bought in past month,N/A,phonak hearing aid domes,2026-02-06 04:06
10001,Organic,11,B0CK5QJSHC,$9.99,100+ bought in past month,N/A,phonak hearing aid domes,2026-02-06 04:06
10001,Organic,12,B0CK5NWS3B,$9.99,100+ bought in past month,N/A,phonak hearing aid domes,2026-02-06 04:06
10001,Organic,13,B0D9P3489W,$13.99,100+ bought in past month,N/A,phonak hearing aid domes,2026-02-06 04:06
10001,Organic,14,B0CK5RKRRS,$14.99,100+ bought in past month,N/A,phonak hearing aid domes,2026-02-06 04:06
10001,Organic,15,B0F1MBYV6Z,$13.99,50+ bought in past month,N/A,phonak hearing aid domes,2026-02-06 04:06
10001,Organic,16,B0D3KTGJ57,$13.99,100+ bought in past month,N/A,phonak hearing aid domes,2026-02-06 04:06
10001,Organic,17,B07M95T5DR,$7.56,100+ bought in past month,N/A,phonak hearing aid domes,2026-02-06 04:06
10001,Organic,18,B0FBJTTDX5,$9.99,($0.50$0.50/count),N/A,phonak hearing aid domes,2026-02-06 04:06
10001,Organic,19,B007U90NV0,$10.99,10 Count (Pack of 1),N/A,phonak hearing aid domes,2026-02-06 04:06
10001,Organic,20,B0F9YZQ4QX,$8.99,50+ bought in past month,N/A,phonak hearing aid domes,2026-02-06 04:06
10001,Organic,21,B0DPMZR9VK,$8.59,100+ bought in past month,N/A,phonak hearing aid domes,2026-02-06 04:06
10001,Organic,22,B0F84BVK3B,$9.88,($0.49$0.49/count),N/A,phonak hearing aid domes,2026-02-06 04:06
10001,Organic,23,B0DPLCYFL1,$8.19,($0.82$0.82/count),N/A,phonak hearing aid domes,2026-02-06 04:06
10001,Organic,24,B00DC8403A,$7.00,10 Count (Pack of 1),N/A,phonak hearing aid domes,2026-02-06 04:06
10001,Organic,25,B0CK5QDPV9,$7.99,($0.80$0.80/count),N/A,phonak hearing aid domes,2026-02-06 04:06
10001,Organic,26,B0G59KWLJW,$9.99,($1.00$1.00/count),N/A,phonak hearing aid domes,2026-02-06 04:06
10001,Organic,27,B0GBJXD7BY,$9.90,($0.99$0.99/count),N/A,phonak hearing aid domes,2026-02-06 04:06
10001,Organic,28,B0G59LV13Y,$9.99,($1.00$1.00/count),N/A,phonak hearing aid domes,2026-02-06 04:06
10001,Organic,29,B0G59SHVKC,$9.99,($1.00$1.00/count),N/A,phonak hearing aid domes,2026-02-06 04:06
10001,Organic,30,B00505G3B0,$9.99,1 count (Pack of 10),N/A,phonak hearing aid domes,2026-02-06 04:06
10001,Organic,31,B00HZL1A6A,$11.42,($11.42$11.42/count),N/A,phonak hearing aid domes,2026-02-06 04:06
10001,Organic,32,B0GBLLFGFZ,$9.90,($0.99$0.99/count),N/A,phonak hearing aid domes,2026-02-06 04:06
10001,Organic,33,B0G59LJMSQ,$9.99,($1.00$1.00/count),N/A,phonak hearing aid domes,2026-02-06 04:06
10001,Organic,34,B0G59J8NWP,$9.99,($1.00$1.00/count),N/A,phonak hearing aid domes,2026-02-06 04:06
10001,Organic,35,B0CV4KCVHW,$16.10,($1.61$1.61/count),N/A,phonak hearing aid domes,2026-02-06 04:06
10001,Organic,36,B0FGVYXL8G,$13.99,($0.70$0.70/count),N/A,phonak hearing aid domes,2026-02-06 04:06
10001,Organic,37,B0DP1ZC2VS,$5.67,1 count (Pack of 12),N/A,phonak hearing aid domes,2026-02-06 04:06
10001,Organic,38,B0CJLSCWLB,$14.99,($14.99$14.99/count),N/A,phonak hearing aid domes,2026-02-06 04:06
10001,Organic,39,B0CVM6JWPJ,$9.99,($1.67$1.67/count),N/A,phonak hearing aid domes,2026-02-06 04:06
10001,Organic,40,B0F9YX8T6R,$8.99,($8.99$8.99/count),N/A,phonak hearing aid domes,2026-02-06 04:06
10001,Organic,41,B0CTR4N42B,$8.75,($0.88$0.88/count),N/A,phonak hearing aid domes,2026-02-06 04:06
10001,Organic,42,B0GBNRRYVT,$9.90,($0.99$0.99/count),N/A,phonak hearing aid domes,2026-02-06 04:06
10001,Organic,43,B0GBM332Z6,$9.90,($0.99$0.99/count),N/A,phonak hearing aid domes,2026-02-06 04:06
10001,Organic,44,B01L7E5WPU,$24.00,Wax,N/A,phonak hearing aid domes,2026-02-06 04:06
10001,Organic,45,B00BM6Q5PK,$24.99,($24.99$24.99/count),N/A,phonak hearing aid domes,2026-02-06 04:06
10001,Organic,46,B0GBMVCDPM,$9.90,($0.99$0.99/count),N/A,phonak hearing aid domes,2026-02-06 04:06
10001,Organic,47,B01L7G6PC2,$12.76,8 Count (Pack of 6),N/A,phonak hearing aid domes,2026-02-06 04:06
10001,Organic,48,B0F9YYMXP6,$8.99,($8.99$8.99/count),N/A,phonak hearing aid domes,2026-02-06 04:06
10001,Organic,1,B0B64SKDX1,$13.99,Products highlighted as 'Overall Pick' are:,N/A,resound hearing aid accessories,2026-02-06 04:06
10001,Organic,2,B0CHJRSVWM,$18.99,200+ bought in past month,N/A,resound hearing aid accessories,2026-02-06 04:06
10001,Organic,3,B0FLV9Z2HS,$15.09,500+ bought in past month,N/A,resound hearing aid accessories,2026-02-06 04:06
10001,Organic,4,B0FLV65B3D,$18.49,100+ bought in past month,N/A,resound hearing aid accessories,2026-02-06 04:06
10001,Organic,5,B07VBM93KG,$13.99,40 count (Pack of 1),N/A,resound hearing aid accessories,2026-02-06 04:06
10001,Organic,6,B0CVMK4N61,$16.10,50+ bought in past month,N/A,resound hearing aid accessories,2026-02-06 04:06
10001,Organic,7,B08BWJPKQ1,$15.99,100+ bought in past month,N/A,resound hearing aid accessories,2026-02-06 04:06
10001,Organic,8,B0DLBJDPS9,$12.99,300+ bought in past month,N/A,resound hearing aid accessories,2026-02-06 04:06
10001,Organic,9,B0DLK2HRSV,$9.99,200+ bought in past month,N/A,resound hearing aid accessories,2026-02-06 04:06
10001,Organic,10,B0F7XMKX9S,$14.49,600+ bought in past month,N/A,resound hearing aid accessories,2026-02-06 04:06
10001,Organic,11,B0DLB8SFPJ,$19.99,400+ bought in past month,N/A,resound hearing aid accessories,2026-02-06 04:06
10001,Organic,12,B0CVM2LGNL,$15.89,($1.59$1.59/count),N/A,resound hearing aid accessories,2026-02-06 04:06
10001,Organic,13,B0FM8Q2W7R,$16.99,200+ bought in past month,N/A,resound hearing aid accessories,2026-02-06 04:06
10001,Organic,14,B0F4D4NS16,$29.99,300+ bought in past month,N/A,resound hearing aid accessories,2026-02-06 04:06
10001,Organic,15,B00FX3D4XO,$11.99,8 Count (Pack of 5),N/A,resound hearing aid accessories,2026-02-06 04:06
10001,Organic,16,B0CPQ27R3Y,$18.99,100+ bought in past month,N/A,resound hearing aid accessories,2026-02-06 04:06
10001,Organic,17,B0CPPZPCZ5,$9.99,300+ bought in past month,N/A,resound hearing aid accessories,2026-02-06 04:06
10001,Organic,18,B0CKMZKR78,$16.99,50+ bought in past month,N/A,resound hearing aid accessories,2026-02-06 04:06
10001,Organic,19,B07RWSSZ79,$14.54,8 Count (Pack of 5),N/A,resound hearing aid accessories,2026-02-06 04:06
10001,Organic,20,B09LTCBG8Z,$8.99,100+ bought in past month,N/A,resound hearing aid accessories,2026-02-06 04:06
10001,Organic,21,B0FMHY3HHT,$16.99,($16.99$16.99/count),N/A,resound hearing aid accessories,2026-02-06 04:06
10001,Organic,22,B0DPWVCWCD,$12.99,800+ bought in past month,N/A,resound hearing aid accessories,2026-02-06 04:06
10001,Organic,23,B0CHJV88B7,$18.99,0,N/A,resound hearing aid accessories,2026-02-06 04:06
10001,Organic,24,B09BD8GR4M,$197.89,50+ bought in past month,N/A,resound hearing aid accessories,2026-02-06 04:06
10001,Organic,25,B00ANV362K,$14.99,1 Count (Pack of 1),N/A,resound hearing aid accessories,2026-02-06 04:06
10001,Organic,26,B0G51DDHCT,$12.99,New on Amazon in past month,N/A,resound hearing aid accessories,2026-02-06 04:06
10001,Organic,27,B0F1LQ1HMD,$14.99,50+ bought in past month,N/A,resound hearing aid accessories,2026-02-06 04:06
10001,Organic,28,B00HXQ6F6M,$205.99,1 Count (Pack of 1),N/A,resound hearing aid accessories,2026-02-06 04:06
10001,Organic,29,B0C55P6NJ5,$9.98,1K+ bought in past month,N/A,resound hearing aid accessories,2026-02-06 04:06
10001,Organic,30,B0FM8PDXNP,$25.99,($2.60$2.60/count),N/A,resound hearing aid accessories,2026-02-06 04:06
10001,Organic,31,B0DP1ZC2VS,$5.67,1 count (Pack of 12),N/A,resound hearing aid accessories,2026-02-06 04:06
10001,Organic,32,B0FW53FV8H,$17.99,New on Amazon in past month,N/A,resound hearing aid accessories,2026-02-06 04:06
10001,Organic,33,B09X9GZPM8,$14.99,400+ bought in past month,N/A,resound hearing aid accessories,2026-02-06 04:06
10001,Organic,34,B08BWVJLXB,$9.99,100+ bought in past month,N/A,resound hearing aid accessories,2026-02-06 04:06
10001,Organic,35,B0CQ6JZWX3,$15.99,50+ bought in past month,N/A,resound hearing aid accessories,2026-02-06 04:06
10001,Organic,36,B0F32GG4QM,$9.99,200+ bought in past month,N/A,resound hearing aid accessories,2026-02-06 04:06
10001,Organic,37,B0BXWH9HVV,$13.99,($1.55$1.55/count),N/A,resound hearing aid accessories,2026-02-06 04:06
10001,Organic,38,B0BNLN7FRN,$9.99,100+ bought in past month,N/A,resound hearing aid accessories,2026-02-06 04:06
10001,Organic,39,B0C93P98WG,$7.99,($1.33$1.33/count),N/A,resound hearing aid accessories,2026-02-06 04:06
10001,Organic,40,B0FVVY9PMN,$11.99,100+ bought in past month,N/A,resound hearing aid accessories,2026-02-06 04:06
10001,Organic,41,B0725CNLHG,$19.99,($4.00$4.00/count),N/A,resound hearing aid accessories,2026-02-06 04:06
10001,Organic,42,B09B6TG59L,$9.99,100+ bought in past month,N/A,resound hearing aid accessories,2026-02-06 04:06
10001,Organic,43,B0D41PHYPH,$273.99,Only 4 left in stock - order soon.,N/A,resound hearing aid accessories,2026-02-06 04:06
10001,Organic,44,B093RY12P4,$16.99,Medium (Pack of 1),N/A,resound hearing aid accessories,2026-02-06 04:06
10001,Organic,45,B071RVP51V,$18.49,($3.70$3.70/count),N/A,resound hearing aid accessories,2026-02-06 04:06
10001,Organic,46,B0GHZ4WCR4,$9.99,New on Amazon in past month,N/A,resound hearing aid accessories,2026-02-06 04:06
10001,Organic,47,B0F263MVDZ,$13.99,($0.70$0.70/count),N/A,resound hearing aid accessories,2026-02-06 04:06
10001,Organic,48,B0D2LMC2FQ,$13.99,50+ bought in past month,N/A,resound hearing aid accessories,2026-02-06 04:06
10001,Organic,1,B0C55P6NJ5,$9.98,1K+ bought in past month,N/A,phonak hearing aid accessories,2026-02-06 04:06
10001,Organic,2,B00S36DU5A,$11.36,Products highlighted as 'Overall Pick' are:,N/A,phonak hearing aid accessories,2026-02-06 04:06
10001,Organic,3,B0F6KH5XHS,$9.99,100+ bought in past month,N/A,phonak hearing aid accessories,2026-02-06 04:06
10001,Organic,4,B0CK5S4WC5,$9.99,300+ bought in past month,N/A,phonak hearing aid accessories,2026-02-06 04:06
10001,Organic,5,B07RWSSZ79,$14.54,8 Count (Pack of 5),N/A,phonak hearing aid accessories,2026-02-06 04:06
10001,Organic,6,B0DS6M3FLG,$49.99,100+ bought in past month,N/A,phonak hearing aid accessories,2026-02-06 04:06
10001,Organic,7,B0CC8FJWK1,$11.40,300+ bought in past month,N/A,phonak hearing aid accessories,2026-02-06 04:06
10001,Organic,8,B0DPWVCWCD,$12.99,800+ bought in past month,N/A,phonak hearing aid accessories,2026-02-06 04:06
10001,Organic,9,B01L7G6PC2,$12.76,8 Count (Pack of 6),N/A,phonak hearing aid accessories,2026-02-06 04:06
10001,Organic,10,B0CVHFMSZL,$14.99,50+ bought in past month,N/A,phonak hearing aid accessories,2026-02-06 04:06
10001,Organic,11,B0CK5NZ6FF,$9.99,200+ bought in past month,N/A,phonak hearing aid accessories,2026-02-06 04:06
10001,Organic,12,B0DS92S3FF,$49.99,100+ bought in past month,N/A,phonak hearing aid accessories,2026-02-06 04:06
10001,Organic,13,B0DNDYPDNF,$9.99,400+ bought in past month,N/A,phonak hearing aid accessories,2026-02-06 04:06
10001,Organic,14,B0DK48XBL4,$124.77,100+ bought in past month,N/A,phonak hearing aid accessories,2026-02-06 04:06
10001,Organic,15,B0CK5QGR6H,$9.99,400+ bought in past month,N/A,phonak hearing aid accessories,2026-02-06 04:06
10001,Organic,16,B0CT5HKN83,$18.99,100+ bought in past month,N/A,phonak hearing aid accessories,2026-02-06 04:06
10001,Organic,17,B0CK5NFTV2,$9.99,400+ bought in past month,N/A,phonak hearing aid accessories,2026-02-06 04:06
10001,Organic,18,B0CT5TZ3WD,$11.40,100+ bought in past month,N/A,phonak hearing aid accessories,2026-02-06 04:06
10001,Organic,19,B0CK5RKRRS,$14.99,100+ bought in past month,N/A,phonak hearing aid accessories,2026-02-06 04:06
10001,Organic,20,B01L7E5WPU,$24.00,Wax,N/A,phonak hearing aid accessories,2026-02-06 04:06
10001,Organic,21,B0F7XMKX9S,$14.49,600+ bought in past month,N/A,phonak hearing aid accessories,2026-02-06 04:06
10001,Organic,22,B0D7Q2X539,$199.99,100+ bought in past month,N/A,phonak hearing aid accessories,2026-02-06 04:06
10001,Organic,23,B0CK5QWFSK,$9.99,200+ bought in past month,N/A,phonak hearing aid accessories,2026-02-06 04:06
10001,Organic,24,B07M95T5DR,$7.56,100+ bought in past month,N/A,phonak hearing aid accessories,2026-02-06 04:06
10001,Organic,25,B0CVLBY4D5,$9.90,100+ bought in past month,N/A,phonak hearing aid accessories,2026-02-06 04:06
10001,Organic,26,B0CHVTM87W,$9.99,100+ bought in past month,N/A,phonak hearing aid accessories,2026-02-06 04:06
10001,Organic,27,B0F38L9Q42,$9.99,50+ bought in past month,N/A,phonak hearing aid accessories,2026-02-06 04:06
10001,Organic,28,B071GTVRVZ,$35.77,30 Count (Pack of 1),N/A,phonak hearing aid accessories,2026-02-06 04:06
10001,Organic,29,B0D6WTT6Z6,$16.99,400+ bought in past month,N/A,phonak hearing aid accessories,2026-02-06 04:06
10001,Organic,30,B07QDNBZKS,$58.75,Only 2 left in stock - order soon.,N/A,phonak hearing aid accessories,2026-02-06 04:06
10001,Organic,31,B0D9P3489W,$13.99,100+ bought in past month,N/A,phonak hearing aid accessories,2026-02-06 04:06
10001,Organic,32,B0CK5QJSHC,$9.99,100+ bought in past month,N/A,phonak hearing aid accessories,2026-02-06 04:06
10001,Organic,33,B09X9GZPM8,$14.99,400+ bought in past month,N/A,phonak hearing aid accessories,2026-02-06 04:06
10001,Organic,34,B0F32GG4QM,$9.99,200+ bought in past month,N/A,phonak hearing aid accessories,2026-02-06 04:06
10001,Organic,35,B0CSFHGH4Q,$20.99,50+ bought in past month,N/A,phonak hearing aid accessories,2026-02-06 04:06
10001,Organic,36,B09BC4QKQR,$14.98,100+ bought in past month,N/A,phonak hearing aid accessories,2026-02-06 04:06
10001,Organic,37,B00DZW2EI6,$18.99,($3.17$3.17/count),N/A,phonak hearing aid accessories,2026-02-06 04:06
10001,Organic,38,B0CH7JPN6G,$14.99,300+ bought in past month,N/A,phonak hearing aid accessories,2026-02-06 04:06
10001,Organic,39,B092ZK3QSR,$6.99,8 Count (Pack of 1),N/A,phonak hearing aid accessories,2026-02-06 04:06
10001,Organic,40,B0DPN7QTMD,$8.19,100+ bought in past month,N/A,phonak hearing aid accessories,2026-02-06 04:06
10001,Organic,41,B0B64SKDX1,$13.99,900+ bought in past month,N/A,phonak hearing aid accessories,2026-02-06 04:06
10001,Organic,42,B0D2X61YGY,$7.99,($0.67$0.67/count),N/A,phonak hearing aid accessories,2026-02-06 04:06
10001,Organic,43,B0F1MCBSHK,$9.99,50+ bought in past month,N/A,phonak hearing aid accessories,2026-02-06 04:06
10001,Organic,44,B091T2952D,$49.99,Only 5 left in stock - order soon.,N/A,phonak hearing aid accessories,2026-02-06 04:06
10001,Organic,45,B0DPLBMFLL,$8.19,($0.82$0.82/count),N/A,phonak hearing aid accessories,2026-02-06 04:06
10001,Organic,46,B0DPMZR9VK,$8.59,100+ bought in past month,N/A,phonak hearing aid accessories,2026-02-06 04:06
10001,Organic,47,B07VBM93KG,$13.99,40 count (Pack of 1),N/A,phonak hearing aid accessories,2026-02-06 04:06
10001,Organic,48,B00505GHSE,$9.75,1 count (Pack of 10),N/A,phonak hearing aid accessories,2026-02-06 04:06
33101,Organic,1,B0CHJRSVWM,$18.99,200+ bought in past month,N/A,resound hearing aid domes,2026-02-06 04:06
33101,Organic,2,B0FLV9Z2HS,$15.09,500+ bought in past month,N/A,resound hearing aid domes,2026-02-06 04:06
33101,Organic,3,B0FLV65B3D,$18.49,100+ bought in past month,N/A,resound hearing aid domes,2026-02-06 04:06
33101,Organic,4,B08BWJPKQ1,$15.99,100+ bought in past month,N/A,resound hearing aid domes,2026-02-06 04:06
33101,Organic,5,B0CPQ27R3Y,$18.99,100+ bought in past month,N/A,resound hearing aid domes,2026-02-06 04:06
33101,Organic,6,B0CHJV88B7,$18.99,0,N/A,resound hearing aid domes,2026-02-06 04:06
33101,Organic,7,B0CHJQVTNY,$18.99,0,N/A,resound hearing aid domes,2026-02-06 04:06
33101,Organic,8,B0CPQ2Q5Q2,$18.99,($18.99$18.99/count),N/A,resound hearing aid domes,2026-02-06 04:06
33101,Organic,9,B0FS2CDHTL,$16.99,50+ bought in past month,N/A,resound hearing aid domes,2026-02-06 04:06
33101,Organic,10,B0BNLN7FRN,$9.99,100+ bought in past month,N/A,resound hearing aid domes,2026-02-06 04:06
33101,Organic,11,B093RGNBXL,$16.99,($16.99$16.99/count),N/A,resound hearing aid domes,2026-02-06 04:06
33101,Organic,12,B0FW53FV8H,$17.99,New on Amazon in past month,N/A,resound hearing aid domes,2026-02-06 04:06
33101,Organic,13,B0CKMZKR78,$16.99,50+ bought in past month,N/A,resound hearing aid domes,2026-02-06 04:06
33101,Organic,14,B09LTCBG8Z,$8.99,100+ bought in past month,N/A,resound hearing aid domes,2026-02-06 04:06
33101,Organic,15,B0F1LQ1HMD,$14.99,50+ bought in past month,N/A,resound hearing aid domes,2026-02-06 04:06
33101,Organic,16,B0CQ6JZWX3,$15.99,50+ bought in past month,N/A,resound hearing aid domes,2026-02-06 04:06
33101,Organic,17,B07VBM93KG,$13.99,40 count (Pack of 1),N/A,resound hearing aid domes,2026-02-06 04:06
33101,Organic,18,B09K36ZMJ8,$9.99,100+ bought in past month,N/A,resound hearing aid domes,2026-02-06 04:06
33101,Organic,19,B0DLBJDPS9,$12.99,300+ bought in past month,N/A,resound hearing aid domes,2026-02-06 04:06
33101,Organic,20,B0F262V1S9,$13.99,($0.70$0.70/count),N/A,resound hearing aid domes,2026-02-06 04:06
33101,Organic,21,B09KXS678M,$13.99,($0.07$0.07/count),N/A,resound hearing aid domes,2026-02-06 04:06
33101,Organic,22,B0C93VHT21,$7.99,($1.33$1.33/count),N/A,resound hearing aid domes,2026-02-06 04:06
33101,Organic,23,B0FZSYR1M2,$16.99,($1.06$1.06/ounce),N/A,resound hearing aid domes,2026-02-06 04:06
33101,Organic,24,B0DP1ZC2VS,$5.67,1 count (Pack of 12),N/A,resound hearing aid domes,2026-02-06 04:06
33101,Organic,25,B0CK5QGR6H,$9.99,400+ bought in past month,N/A,resound hearing aid domes,2026-02-06 04:06
33101,Organic,26,B08Y8RMWSX,$9.99,($2.00$2.00/count),N/A,resound hearing aid domes,2026-02-06 04:06
33101,Organic,27,B0DPJVFPMM,$6.59,($1.10$1.10/count),N/A,resound hearing aid domes,2026-02-06 04:06
33101,Organic,28,B0DSBWX72H,$12.99,($12.99$12.99/count),N/A,resound hearing aid domes,2026-02-06 04:06
33101,Organic,29,B0DY7K3M38,$6.29,($0.39$0.39/count),N/A,resound hearing aid domes,2026-02-06 04:06
33101,Organic,30,B0CFQS7NPG,$17.99,($17.99$17.99/count),N/A,resound hearing aid domes,2026-02-06 04:06
33101,Organic,31,B0CV49TBND,$9.99,($9.99$9.99/count),N/A,resound hearing aid domes,2026-02-06 04:06
33101,Organic,32,B0936SZZM4,$16.99,Small Business,N/A,resound hearing aid domes,2026-02-06 04:06
33101,Organic,33,B0C142LDBT,$16.99,($0.57$0.57/count),N/A,resound hearing aid domes,2026-02-06 04:06
33101,Organic,34,B0CQ5BG3NG,$16.10,($1.61$1.61/count),N/A,resound hearing aid domes,2026-02-06 04:06
33101,Organic,35,B0FM2WN788,$6.99,($0.35$0.35/count),N/A,resound hearing aid domes,2026-02-06 04:06
33101,Organic,36,B0DBVXYP7C,$29.99,100+ bought in past month,N/A,resound hearing aid domes,2026-02-06 04:06
33101,Organic,37,B0F32GG4QM,$9.99,200+ bought in past month,N/A,resound hearing aid domes,2026-02-06 04:06
33101,Organic,38,B0BYV8PTNX,$13.97,($2.33$2.33/count),N/A,resound hearing aid domes,2026-02-06 04:06
33101,Organic,39,B007R6JD8K,$9.49,10 Count (Pack of 1),N/A,resound hearing aid domes,2026-02-06 04:06
33101,Organic,40,B09Z17Z4RN,$8.99,($0.90$0.90/count),N/A,resound hearing aid domes,2026-02-06 04:06
33101,Organic,41,B01696HEFC,$5.79,2 Count (Pack of 1),N/A,resound hearing aid domes,2026-02-06 04:06
33101,Organic,42,B0FXG42HV4,$13.99,($0.70$0.70/count),N/A,resound hearing aid domes,2026-02-06 04:06
33101,Organic,43,B0CGLQGCBX,$9.49,($0.79$0.79/count),N/A,resound hearing aid domes,2026-02-06 04:06
33101,Organic,44,B0BRL82LY5,$12.99,($0.43$0.43/count),N/A,resound hearing aid domes,2026-02-06 04:06
33101,Organic,45,B007R6JWQ8,$19.70,10 Count (Pack of 1),N/A,resound hearing aid domes,2026-02-06 04:06
33101,Organic,46,B0B1C8H2WB,$8.99,($2.25$2.25/count),N/A,resound hearing aid domes,2026-02-06 04:06
33101,Organic,47,B08YZ8JRJH,$10.99,6 Count (Pack of 1),N/A,resound hearing aid domes,2026-02-06 04:06
33101,Organic,48,B093686JR7,$12.99,Small Business,N/A,resound hearing aid domes,2026-02-06 04:06
33101,Organic,1,B0F6KH5XHS,$9.99,100+ bought in past month,N/A,phonak hearing aid domes,2026-02-06 04:06
33101,Organic,2,B0CK5QGR6H,$9.99,Products highlighted as 'Overall Pick' are:,N/A,phonak hearing aid domes,2026-02-06 04:06
33101,Organic,3,B0CK5NZ6FF,$9.99,200+ bought in past month,N/A,phonak hearing aid domes,2026-02-06 04:06
33101,Organic,4,B0DNDYPDNF,$9.99,400+ bought in past month,N/A,phonak hearing aid domes,2026-02-06 04:06
33101,Organic,5,B0CK5NFTV2,$9.99,400+ bought in past month,N/A,phonak hearing aid domes,2026-02-06 04:06
33101,Organic,6,B0CK5S4WC5,$9.99,300+ bought in past month,N/A,phonak hearing aid domes,2026-02-06 04:06
33101,Organic,7,B0CK5QWFSK,$9.99,200+ bought in past month,N/A,phonak hearing aid domes,2026-02-06 04:06
33101,Organic,8,B0CK5QJSHC,$9.99,100+ bought in past month,N/A,phonak hearing aid domes,2026-02-06 04:06
33101,Organic,9,B0CK5NWS3B,$9.99,100+ bought in past month,N/A,phonak hearing aid domes,2026-02-06 04:06
33101,Organic,10,B0CK5Q2TWS,$9.99,100+ bought in past month,N/A,phonak hearing aid domes,2026-02-06 04:06
33101,Organic,11,B0F1MBYV6Z,$13.99,50+ bought in past month,N/A,phonak hearing aid domes,2026-02-06 04:06
33101,Organic,12,B0DPN7QTMD,$8.19,100+ bought in past month,N/A,phonak hearing aid domes,2026-02-06 04:06
33101,Organic,13,B00505GHSE,$9.75,1 count (Pack of 10),N/A,phonak hearing aid domes,2026-02-06 04:06
33101,Organic,14,B0D3KTGJ57,$13.99,100+ bought in past month,N/A,phonak hearing aid domes,2026-02-06 04:06
33101,Organic,15,B0D9P3489W,$13.99,100+ bought in past month,N/A,phonak hearing aid domes,2026-02-06 04:06
33101,Organic,16,B0CK5RKRRS,$14.99,100+ bought in past month,N/A,phonak hearing aid domes,2026-02-06 04:06
33101,Organic,17,B07M95T5DR,$7.69,100+ bought in past month,N/A,phonak hearing aid domes,2026-02-06 04:06
33101,Organic,18,B0F9YZQ4QX,$8.99,50+ bought in past month,N/A,phonak hearing aid domes,2026-02-06 04:06
33101,Organic,19,B0F2J9SVCX,$9.99,($0.50$0.50/count),N/A,phonak hearing aid domes,2026-02-06 04:06
33101,Organic,20,B007U90NV0,$10.99,10 Count (Pack of 1),N/A,phonak hearing aid domes,2026-02-06 04:06
33101,Organic,21,B0DPMZR9VK,$8.59,100+ bought in past month,N/A,phonak hearing aid domes,2026-02-06 04:06
33101,Organic,22,B0DPLCYFL1,$8.19,($0.82$0.82/count),N/A,phonak hearing aid domes,2026-02-06 04:06
33101,Organic,23,B0F84BVK3B,$9.88,($0.49$0.49/count),N/A,phonak hearing aid domes,2026-02-06 04:06
33101,Organic,24,B00DC8403A,$7.00,10 Count (Pack of 1),N/A,phonak hearing aid domes,2026-02-06 04:06
33101,Organic,25,B0CK5QDPV9,$7.99,($0.80$0.80/count),N/A,phonak hearing aid domes,2026-02-06 04:06
33101,Organic,26,B0GBJXD7BY,$9.90,($0.99$0.99/count),N/A,phonak hearing aid domes,2026-02-06 04:06
33101,Organic,27,B0G59KWLJW,$9.99,($1.00$1.00/count),N/A,phonak hearing aid domes,2026-02-06 04:06
33101,Organic,28,B00505G3B0,$9.99,1 count (Pack of 10),N/A,phonak hearing aid domes,2026-02-06 04:06
33101,Organic,29,B0G59LV13Y,$9.99,($1.00$1.00/count),N/A,phonak hearing aid domes,2026-02-06 04:06
33101,Organic,30,B00HZL1A6A,$11.42,($11.42$11.42/count),N/A,phonak hearing aid domes,2026-02-06 04:06
33101,Organic,31,B00BM6Q5PK,$24.99,($24.99$24.99/count),N/A,phonak hearing aid domes,2026-02-06 04:06
33101,Organic,32,B0DP1ZC2VS,$5.67,1 count (Pack of 12),N/A,phonak hearing aid domes,2026-02-06 04:06
33101,Organic,33,B0G59SHVKC,$9.99,($1.00$1.00/count),N/A,phonak hearing aid domes,2026-02-06 04:06
33101,Organic,34,B0G59LJMSQ,$9.99,($1.00$1.00/count),N/A,phonak hearing aid domes,2026-02-06 04:06
33101,Organic,35,B0CTR4N42B,$8.75,($0.88$0.88/count),N/A,phonak hearing aid domes,2026-02-06 04:06
33101,Organic,36,B0FGVYXL8G,$13.99,($0.70$0.70/count),N/A,phonak hearing aid domes,2026-02-06 04:06
33101,Organic,37,B0CJLSCWLB,$14.99,($14.99$14.99/count),N/A,phonak hearing aid domes,2026-02-06 04:06
33101,Organic,38,B0CVM6JWPJ,$9.99,($1.67$1.67/count),N/A,phonak hearing aid domes,2026-02-06 04:06
33101,Organic,39,B0F9YYMXP6,$8.99,($8.99$8.99/count),N/A,phonak hearing aid domes,2026-02-06 04:06
33101,Organic,40,B0F9YX8T6R,$8.99,($8.99$8.99/count),N/A,phonak hearing aid domes,2026-02-06 04:06
33101,Organic,41,B00HZL3MDE,$10.90,Small (Pack of 1),N/A,phonak hearing aid domes,2026-02-06 04:06
33101,Organic,42,B0G59J8NWP,$9.99,($1.00$1.00/count),N/A,phonak hearing aid domes,2026-02-06 04:06
33101,Organic,43,B00HZL2MRG,$9.99,0,N/A,phonak hearing aid domes,2026-02-06 04:06
33101,Organic,44,B0FRMYKF4R,$6.39,($6.39$6.39/count),N/A,phonak hearing aid domes,2026-02-06 04:06
33101,Organic,45,B0GBLLFGFZ,$9.90,($0.99$0.99/count),N/A,phonak hearing aid domes,2026-02-06 04:06
33101,Organic,46,B0BSF213W3,$9.99,($1.67$1.67/count),N/A,phonak hearing aid domes,2026-02-06 04:06
33101,Organic,47,B0GBNRRYVT,$9.90,($0.99$0.99/count),N/A,phonak hearing aid domes,2026-02-06 04:06
33101,Organic,48,B0GBM332Z6,$9.90,($0.99$0.99/count),N/A,phonak hearing aid domes,2026-02-06 04:06
33101,Sponsored,1,B0CQ681SBQ,$16.10,($1.61$1.61/count),N/A,resound hearing aid accessories,2026-02-06 04:07
33101,Sponsored,2,B0F32GG4QM,$9.99,200+ bought in past month,N/A,resound hearing aid accessories,2026-02-06 04:07
33101,Sponsored,3,B0CKMZKR78,$16.99,50+ bought in past month,N/A,resound hearing aid accessories,2026-02-06 04:07
33101,Sponsored,4,B0F1LR3MMR,$14.99,50+ bought in past month,N/A,resound hearing aid accessories,2026-02-06 04:07
33101,Organic,5,B0FLV9Z2HS,$15.09,500+ bought in past month,N/A,resound hearing aid accessories,2026-02-06 04:07
33101,Organic,6,B0B64SKDX1,$13.99,Products highlighted as 'Overall Pick' are:,N/A,resound hearing aid accessories,2026-02-06 04:07
33101,Organic,7,B0CHJRSVWM,$18.99,200+ bought in past month,N/A,resound hearing aid accessories,2026-02-06 04:07
33101,Organic,8,B0CVMK4N61,$16.10,50+ bought in past month,N/A,resound hearing aid accessories,2026-02-06 04:07
33101,Organic,9,B0DLB8SFPJ,$19.99,400+ bought in past month,N/A,resound hearing aid accessories,2026-02-06 04:07
33101,Organic,10,B0F4D4NS16,$29.99,300+ bought in past month,N/A,resound hearing aid accessories,2026-02-06 04:07
33101,Sponsored,11,B093RY12P4,$16.99,Medium (Pack of 1),N/A,resound hearing aid accessories,2026-02-06 04:07
33101,Sponsored,12,B0DGG3J6ZK,$15.99,100+ bought in past month,N/A,resound hearing aid accessories,2026-02-06 04:07
33101,Sponsored,13,B0FLV9Z2HS,$15.09,500+ bought in past month,N/A,resound hearing aid accessories,2026-02-06 04:07
33101,Sponsored,14,B0C93P98WG,$7.99,($1.33$1.33/count),N/A,resound hearing aid accessories,2026-02-06 04:07
33101,Organic,15,B07VBM93KG,$13.99,40 count (Pack of 1),N/A,resound hearing aid accessories,2026-02-06 04:07
33101,Organic,16,B0FLV65B3D,$18.49,100+ bought in past month,N/A,resound hearing aid accessories,2026-02-06 04:07
33101,Organic,17,B0CVM2LGNL,$16.10,($1.61$1.61/count),N/A,resound hearing aid accessories,2026-02-06 04:07
33101,Organic,18,B0DLBJDPS9,$12.99,300+ bought in past month,N/A,resound hearing aid accessories,2026-02-06 04:07
33101,Sponsored,19,B0FWYM5JM9,$17.99,New on Amazon in past month,N/A,resound hearing aid accessories,2026-02-06 04:07
33101,Sponsored,20,B09B6TG59L,$9.99,100+ bought in past month,N/A,resound hearing aid accessories,2026-02-06 04:07
33101,Sponsored,21,B0BNLLP19S,$17.95,($1.80$1.80/count),N/A,resound hearing aid accessories,2026-02-06 04:07
33101,Sponsored,22,B0FH6H62BM,$8.99,($0.45$0.45/count),N/A,resound hearing aid accessories,2026-02-06 04:07
33101,Organic,23,B0FM8Q2W7R,$16.99,200+ bought in past month,N/A,resound hearing aid accessories,2026-02-06 04:07
33101,Organic,24,B00FX3D4XO,$11.99,8 Count (Pack of 5),N/A,resound hearing aid accessories,2026-02-06 04:07
33101,Organic,25,B08BWJPKQ1,$15.99,100+ bought in past month,N/A,resound hearing aid accessories,2026-02-06 04:07
33101,Organic,26,B07RWSSZ79,$14.54,8 Count (Pack of 5),N/A,resound hearing aid accessories,2026-02-06 04:07
33101,Organic,27,B0F7XMKX9S,$14.49,600+ bought in past month,N/A,resound hearing aid accessories,2026-02-06 04:07
33101,Organic,28,B0DLK2HRSV,$9.99,200+ bought in past month,N/A,resound hearing aid accessories,2026-02-06 04:07
33101,Organic,29,B0CPQ27R3Y,$18.99,100+ bought in past month,N/A,resound hearing aid accessories,2026-02-06 04:07
33101,Organic,30,B0G51DDHCT,$12.99,New on Amazon in past month,N/A,resound hearing aid accessories,2026-02-06 04:07
33101,Organic,31,B0FMHY3HHT,$16.99,($16.99$16.99/count),N/A,resound hearing aid accessories,2026-02-06 04:07
33101,Organic,32,B0C55P6NJ5,$9.98,1K+ bought in past month,N/A,resound hearing aid accessories,2026-02-06 04:07
33101,Organic,33,B0CHJQVTNY,$18.99,0,N/A,resound hearing aid accessories,2026-02-06 04:07
33101,Organic,34,B0CKMZKR78,$16.99,50+ bought in past month,N/A,resound hearing aid accessories,2026-02-06 04:07
33101,Organic,35,B0CHJV88B7,$18.99,0,N/A,resound hearing aid accessories,2026-02-06 04:07
33101,Organic,36,B09LTCBG8Z,$8.99,100+ bought in past month,N/A,resound hearing aid accessories,2026-02-06 04:07
33101,Organic,37,B09BD8GR4M,$197.89,50+ bought in past month,N/A,resound hearing aid accessories,2026-02-06 04:07
33101,Organic,38,B0F1LQ1HMD,$14.99,50+ bought in past month,N/A,resound hearing aid accessories,2026-02-06 04:07
33101,Organic,39,B09X9GZPM8,$14.99,400+ bought in past month,N/A,resound hearing aid accessories,2026-02-06 04:07
33101,Organic,40,B0DPWVCWCD,$12.99,800+ bought in past month,N/A,resound hearing aid accessories,2026-02-06 04:07
33101,Organic,41,B00ANV362K,$14.99,1 Count (Pack of 1),N/A,resound hearing aid accessories,2026-02-06 04:07
33101,Organic,42,B00HXQ6F6M,$205.99,1 Count (Pack of 1),N/A,resound hearing aid accessories,2026-02-06 04:07
33101,Organic,43,B08BWVJLXB,$9.99,100+ bought in past month,N/A,resound hearing aid accessories,2026-02-06 04:07
33101,Organic,44,B0CQ6JZWX3,$16.10,50+ bought in past month,N/A,resound hearing aid accessories,2026-02-06 04:07
33101,Organic,45,B0FM8PDXNP,$25.99,($2.60$2.60/count),N/A,resound hearing aid accessories,2026-02-06 04:07
33101,Organic,46,B0DP1ZC2VS,$5.67,1 count (Pack of 12),N/A,resound hearing aid accessories,2026-02-06 04:07
33101,Organic,47,B0BNLMVDDS,$17.95,($1.80$1.80/count),N/A,resound hearing aid accessories,2026-02-06 04:07
33101,Organic,48,B0F32GG4QM,$9.99,200+ bought in past month,N/A,resound hearing aid accessories,2026-02-06 04:07
33101,Organic,49,B0FW53FV8H,$17.99,New on Amazon in past month,N/A,resound hearing aid accessories,2026-02-06 04:07
33101,Organic,50,B0BXWH9HVV,$13.99,($1.55$1.55/count),N/A,resound hearing aid accessories,2026-02-06 04:07
33101,Organic,51,B0725CNLHG,$19.99,($4.00$4.00/count),N/A,resound hearing aid accessories,2026-02-06 04:07
33101,Organic,52,B0C93P98WG,$7.99,($1.33$1.33/count),N/A,resound hearing aid accessories,2026-02-06 04:07
33101,Organic,53,B0FVVY9PMN,$11.99,100+ bought in past month,N/A,resound hearing aid accessories,2026-02-06 04:07
33101,Organic,54,B071RVP51V,$18.49,($3.70$3.70/count),N/A,resound hearing aid accessories,2026-02-06 04:07
33101,Organic,55,B0FS2CDHTL,$16.99,50+ bought in past month,N/A,resound hearing aid accessories,2026-02-06 04:07
33101,Organic,56,B0D41PHYPH,$273.99,Only 4 left in stock - order soon.,N/A,resound hearing aid accessories,2026-02-06 04:07
33101,Organic,57,B0GHZ4WCR4,$9.99,New on Amazon in past month,N/A,resound hearing aid accessories,2026-02-06 04:07
33101,Organic,58,B093RY12P4,$16.99,Medium (Pack of 1),N/A,resound hearing aid accessories,2026-02-06 04:07
33101,Organic,59,B09BD774CG,$150.08,Typical: ,N/A,resound hearing aid accessories,2026-02-06 04:07
33101,Organic,60,B09B6TG59L,$9.99,100+ bought in past month,N/A,resound hearing aid accessories,2026-02-06 04:07
33101,Organic,1,B0C55P6NJ5,$9.98,1K+ bought in past month,N/A,phonak hearing aid accessories,2026-02-06 04:07
33101,Organic,2,B00S36DU5A,$11.36,Products highlighted as 'Overall Pick' are:,N/A,phonak hearing aid accessories,2026-02-06 04:07
33101,Organic,3,B0F6KH5XHS,$9.99,100+ bought in past month,N/A,phonak hearing aid accessories,2026-02-06 04:07
33101,Organic,4,B07RWSSZ79,$14.54,8 Count (Pack of 5),N/A,phonak hearing aid accessories,2026-02-06 04:07
33101,Organic,5,B0CC8FJWK1,$11.40,300+ bought in past month,N/A,phonak hearing aid accessories,2026-02-06 04:07
33101,Organic,6,B0CK5NFTV2,$9.99,400+ bought in past month,N/A,phonak hearing aid accessories,2026-02-06 04:07
33101,Organic,7,B0CK5NZ6FF,$9.99,200+ bought in past month,N/A,phonak hearing aid accessories,2026-02-06 04:07
33101,Organic,8,B0DPWVCWCD,$12.99,800+ bought in past month,N/A,phonak hearing aid accessories,2026-02-06 04:07
33101,Organic,9,B0CK5S4WC5,$9.99,300+ bought in past month,N/A,phonak hearing aid accessories,2026-02-06 04:07
33101,Organic,10,B0DNDYPDNF,$9.99,400+ bought in past month,N/A,phonak hearing aid accessories,2026-02-06 04:07
33101,Organic,11,B0CVHFMSZL,$14.99,50+ bought in past month,N/A,phonak hearing aid accessories,2026-02-06 04:07
33101,Organic,12,B0DS6M3FLG,$49.99,100+ bought in past month,N/A,phonak hearing aid accessories,2026-02-06 04:07
33101,Organic,13,B0CK5QGR6H,$9.99,400+ bought in past month,N/A,phonak hearing aid accessories,2026-02-06 04:07
33101,Organic,14,B0DK48XBL4,$125.00,100+ bought in past month,N/A,phonak hearing aid accessories,2026-02-06 04:07
33101,Organic,15,B0CT5HKN83,$18.99,100+ bought in past month,N/A,phonak hearing aid accessories,2026-02-06 04:07
33101,Organic,16,B0D9P3489W,$13.99,100+ bought in past month,N/A,phonak hearing aid accessories,2026-02-06 04:07
33101,Organic,17,B0CK5RKRRS,$14.99,100+ bought in past month,N/A,phonak hearing aid accessories,2026-02-06 04:07
33101,Organic,18,B0DS92S3FF,$49.99,100+ bought in past month,N/A,phonak hearing aid accessories,2026-02-06 04:07
33101,Organic,19,B07M95T5DR,$7.56,100+ bought in past month,N/A,phonak hearing aid accessories,2026-02-06 04:07
33101,Organic,20,B0D7Q2X539,$199.99,100+ bought in past month,N/A,phonak hearing aid accessories,2026-02-06 04:07
33101,Organic,21,B0CVLBY4D5,$9.90,100+ bought in past month,N/A,phonak hearing aid accessories,2026-02-06 04:07
33101,Organic,22,B0CK5Q2TWS,$9.99,100+ bought in past month,N/A,phonak hearing aid accessories,2026-02-06 04:07
33101,Organic,23,B071GTVRVZ,$35.77,30 Count (Pack of 1),N/A,phonak hearing aid accessories,2026-02-06 04:07
33101,Organic,24,B01L7E5WPU,$24.00,Wax,N/A,phonak hearing aid accessories,2026-02-06 04:07
33101,Organic,25,B09BC4QKQR,$14.98,100+ bought in past month,N/A,phonak hearing aid accessories,2026-02-06 04:07
33101,Organic,26,B0CHVTM87W,$9.99,100+ bought in past month,N/A,phonak hearing aid accessories,2026-02-06 04:07
33101,Organic,27,B0D3KXQ6DY,$13.99,100+ bought in past month,N/A,phonak hearing aid accessories,2026-02-06 04:07
33101,Organic,28,B0F38L9Q42,$9.99,50+ bought in past month,N/A,phonak hearing aid accessories,2026-02-06 04:07
33101,Organic,29,B0B64SKDX1,$13.99,900+ bought in past month,N/A,phonak hearing aid accessories,2026-02-06 04:07
33101,Organic,30,B0F32GG4QM,$9.99,200+ bought in past month,N/A,phonak hearing aid accessories,2026-02-06 04:07
33101,Organic,31,B01L7G6PC2,$12.76,8 Count (Pack of 6),N/A,phonak hearing aid accessories,2026-02-06 04:07
33101,Organic,32,B0CK5QWFSK,$9.99,200+ bought in past month,N/A,phonak hearing aid accessories,2026-02-06 04:07
33101,Organic,33,B0D6WTT6Z6,$16.99,400+ bought in past month,N/A,phonak hearing aid accessories,2026-02-06 04:07
33101,Organic,34,B07VBM93KG,$13.99,40 count (Pack of 1),N/A,phonak hearing aid accessories,2026-02-06 04:07
33101,Organic,35,B09X9GZPM8,$14.99,400+ bought in past month,N/A,phonak hearing aid accessories,2026-02-06 04:07
33101,Organic,36,B07QDNBZKS,$58.75,Only 1 left in stock - order soon.,N/A,phonak hearing aid accessories,2026-02-06 04:07
33101,Organic,37,B0CK5QJSHC,$9.99,100+ bought in past month,N/A,phonak hearing aid accessories,2026-02-06 04:07
33101,Organic,38,B0CH7JPN6G,$14.99,300+ bought in past month,N/A,phonak hearing aid accessories,2026-02-06 04:07
33101,Organic,39,B0DPN7QTMD,$8.19,100+ bought in past month,N/A,phonak hearing aid accessories,2026-02-06 04:07
33101,Organic,40,B0F7XMKX9S,$14.49,600+ bought in past month,N/A,phonak hearing aid accessories,2026-02-06 04:07
33101,Organic,41,B0CSFHGH4Q,$20.99,50+ bought in past month,N/A,phonak hearing aid accessories,2026-02-06 04:07
33101,Organic,42,B0F1MCBSHK,$9.99,50+ bought in past month,N/A,phonak hearing aid accessories,2026-02-06 04:07
33101,Organic,43,B092ZK3QSR,$6.99,8 Count (Pack of 1),N/A,phonak hearing aid accessories,2026-02-06 04:07
33101,Organic,44,B00DZW2EI6,$18.99,($3.17$3.17/count),N/A,phonak hearing aid accessories,2026-02-06 04:07
33101,Organic,45,B0DPLBMFLL,$8.19,($0.82$0.82/count),N/A,phonak hearing aid accessories,2026-02-06 04:07
33101,Organic,46,B0G59NTHS3,$9.99,($1.00$1.00/count),N/A,phonak hearing aid accessories,2026-02-06 04:07
33101,Organic,47,B0D2X61YGY,$7.99,($0.67$0.67/count),N/A,phonak hearing aid accessories,2026-02-06 04:07
33101,Organic,48,B091T2952D,$49.99,Only 5 left in stock - order soon.,N/A,phonak hearing aid accessories,2026-02-06 04:07
